{
  "project_info": {
    "project_number": "722977894314",
    "project_id": "akilliyoklamasistemi",
    "storage_bucket": "akilliyoklamasistemi.appspot.com"
  },
  "client": [
    {
      "client_info": {
        "mobilesdk_app_id": "1:722977894314:android:39c2616b354b48250545d3",
        "android_client_info": {
          "package_name": "com.example.akilliyoklamasistemi"
        }
      },
      "oauth_client": [],
      "api_key": [
        {
          "current_key": "AIzaSyAV6RxnNa3Kv1A0ozBuBBLnKUQgD1KN7t8"
        }
      ],
      "services": {
        "appinvite_service": {
          "other_platform_oauth_client": []
        }
      }
    }
  ],
  "configuration_version": "1"
}